<?xml version="1.0" encoding="UTF-8"?>

<databaseChangeLog
        xmlns="http://www.liquibase.org/xml/ns/dbchangelog"
        xmlns:xsi="http://www.w3.org/2001/XMLSchema-instance"
        xmlns:ext="http://www.liquibase.org/xml/ns/dbchangelog-ext"
        xsi:schemaLocation="http://www.liquibase.org/xml/ns/dbchangelog http://www.liquibase.org/xml/ns/dbchangelog/dbchangelog-3.0.xsd
        http://www.liquibase.org/xml/ns/dbchangelog-ext http://www.liquibase.org/xml/ns/dbchangelog/dbchangelog-ext.xsd">

    <changeSet id="201805281410" author="kirill">
        <preConditions onFail="MARK_RAN">
            <not>
                <tableExists tableName="messages"/>
            </not>
        </preConditions>
        <createTable tableName="messages">
            <column name="id" type="bigserial" autoIncrement="true">
                <constraints primaryKey="true" nullable="false"/>
            </column>
            <column name="user_id" type="varchar(255)"/>
            <column name="payload" type="text"/>
        </createTable>
    </changeSet>

    <changeSet id="201806041236" author="kirill">
        <preConditions onFail="MARK_RAN">
            <not>
                <tableExists tableName="replies"/>
            </not>
        </preConditions>
        <createTable tableName="replies">
            <column name="id" type="bigserial" autoIncrement="true">
                <constraints primaryKey="true" nullable="false"/>
            </column>
            <column name="message" type="text"/>
        </createTable>
    </changeSet>

    <changeSet id="201806041281" author="kirill">
        <loadData tableName="replies" file="db/changelogs/replies.csv" separator=";">
            <column name="message" type="STRING"/>
        </loadData>
    </changeSet>

</databaseChangeLog>